{
  "student": [
    {
      "id": "1",
      "rollno": 121,
      "name": "Deepu",
      "city": "indore",
      "fees": 60000
    },
    {
      "id": "2",
      "rollno": 122,
      "name": "Deepu",
      "city": "indore",
      "fees": 60000
    },
    {
      "id": "3",
      "rollno": 123,
      "name": "Deepu",
      "city": "indore",
      "fees": 60000
    },
    {
      "id": "8436",
      "rollno": "4",
      "name": "shivani",
      "city": "sandiya",
      "fees": "5643"
    },
    {
      "id": "9440",
      "rollno": "7565",
      "name": "deepu",
      "city": "pipariya",
      "fees": "574755"
    }
  ]
}